arch, instr, cputime, realtime, terms
rv64, BPF_ALU BPF_MOV BPF_K, 536, 13977, 11267
rv64, BPF_ALU BPF_ADD BPF_K, 577, 27545, 12320
rv64, BPF_ALU BPF_SUB BPF_K, 569, 37614, 12142
rv64, BPF_ALU BPF_AND BPF_K, 554, 18652, 12093
rv64, BPF_ALU BPF_OR BPF_K, 527, 11166, 11546
rv64, BPF_ALU BPF_XOR BPF_K, 528, 12930, 11546
rv64, BPF_ALU BPF_MUL BPF_K, 476, 10170, 10927
rv64, BPF_ALU BPF_DIV BPF_K, 474, 12738, 10914
rv64, BPF_ALU BPF_MOD BPF_K, 474, 34766, 10953
rv64, BPF_ALU BPF_LSH BPF_K, 271, 5805, 8491
rv64, BPF_ALU BPF_RSH BPF_K, 228, 5035, 8179
rv64, BPF_ALU BPF_ARSH BPF_K, 227, 7347, 8179
rv64, BPF_ALU BPF_MOV BPF_X, 324, 6601, 9357
rv64, BPF_ALU BPF_ADD BPF_X, 248, 9671, 8737
rv64, BPF_ALU BPF_SUB BPF_X, 284, 16345, 9336
rv64, BPF_ALU BPF_AND BPF_X, 290, 6493, 9211
rv64, BPF_ALU BPF_OR BPF_X, 276, 6598, 9211
rv64, BPF_ALU BPF_XOR BPF_X, 278, 6448, 9327
rv64, BPF_ALU BPF_MUL BPF_X, 239, 4748, 8510
rv64, BPF_ALU BPF_DIV BPF_X, 237, 4067, 8507
rv64, BPF_ALU BPF_MOD BPF_X, 236, 6650, 8521
rv64, BPF_ALU BPF_LSH BPF_X, 237, 6220, 8503
rv64, BPF_ALU BPF_RSH BPF_X, 238, 5704, 8503
rv64, BPF_ALU BPF_ARSH BPF_X, 238, 5753, 8503
rv64, BPF_ALU BPF_NEG, 223, 3913, 8183
rv64, BPF_ALU64 BPF_MOV BPF_K, 239, 4332, 8555
rv64, BPF_ALU64 BPF_ADD BPF_K, 248, 10189, 8822
rv64, BPF_ALU64 BPF_SUB BPF_K, 213, 12106, 8647
rv64, BPF_ALU64 BPF_AND BPF_K, 210, 5549, 8595
rv64, BPF_ALU64 BPF_OR BPF_K, 202, 4327, 8409
rv64, BPF_ALU64 BPF_XOR BPF_K, 213, 4523, 8409
rv64, BPF_ALU64 BPF_MUL BPF_K, 195, 4078, 8198
rv64, BPF_ALU64 BPF_DIV BPF_K, 188, 4922, 8187
rv64, BPF_ALU64 BPF_MOD BPF_K, 193, 21572, 8226
rv64, BPF_ALU64 BPF_LSH BPF_K, 158, 5293, 7460
rv64, BPF_ALU64 BPF_RSH BPF_K, 153, 4972, 7503
rv64, BPF_ALU64 BPF_ARSH BPF_K, 155, 9549, 7503
rv64, BPF_ALU64 BPF_MOV BPF_X, 238, 3285, 8421
rv64, BPF_ALU64 BPF_ADD BPF_X, 189, 7689, 7724
rv64, BPF_ALU64 BPF_SUB BPF_X, 170, 21097, 7887
rv64, BPF_ALU64 BPF_AND BPF_X, 168, 4160, 7768
rv64, BPF_ALU64 BPF_OR BPF_X, 168, 4309, 7768
rv64, BPF_ALU64 BPF_XOR BPF_X, 171, 4488, 7884
rv64, BPF_ALU64 BPF_MUL BPF_X, 168, 2314, 7492
rv64, BPF_ALU64 BPF_DIV BPF_X, 156, 2450, 7489
rv64, BPF_ALU64 BPF_MOD BPF_X, 161, 4219, 7503
rv64, BPF_ALU64 BPF_LSH BPF_X, 156, 4187, 7485
rv64, BPF_ALU64 BPF_RSH BPF_X, 158, 3884, 7485
rv64, BPF_ALU64 BPF_ARSH BPF_X, 159, 5812, 7485
rv64, BPF_ALU64 BPF_NEG, 153, 1959, 7321
rv64, BPF_ALU BPF_END BPF_FROM_BE, 590, 16707, 10148
rv64, BPF_ALU BPF_END BPF_FROM_LE, 245, 4352, 8670
rv64, BPF_JMP BPF_CALL, 286, 5220, 13111
rv64, BPF_JMP BPF_EXIT, 129, 3758, 7042
rv64, BPF_JMP32 BPF_JEQ BPF_K, 378, 131707, 9881
rv64, BPF_JMP32 BPF_JGT BPF_K, 340, 134694, 9894
rv64, BPF_JMP32 BPF_JLT BPF_K, 344, 116958, 9895
rv64, BPF_JMP32 BPF_JGE BPF_K, 353, 115445, 9895
rv64, BPF_JMP32 BPF_JLE BPF_K, 342, 90239, 9894
rv64, BPF_JMP32 BPF_JNE BPF_K, 345, 302537, 9881
rv64, BPF_JMP32 BPF_JSGT BPF_K, 253, 74994, 9081
rv64, BPF_JMP32 BPF_JSLT BPF_K, 255, 88240, 9082
rv64, BPF_JMP32 BPF_JSGE BPF_K, 253, 81893, 9082
rv64, BPF_JMP32 BPF_JSLE BPF_K, 257, 86040, 9081
rv64, BPF_JMP32 BPF_JSET BPF_K, 383, 329302, 11109
rv64, BPF_JMP32 BPF_JEQ BPF_X, 222, 13599, 8231
rv64, BPF_JMP32 BPF_JGT BPF_X, 218, 15989, 8233
rv64, BPF_JMP32 BPF_JLT BPF_X, 199, 14520, 8233
rv64, BPF_JMP32 BPF_JGE BPF_X, 200, 17801, 8233
rv64, BPF_JMP32 BPF_JLE BPF_X, 202, 15995, 8233
rv64, BPF_JMP32 BPF_JNE BPF_X, 210, 14452, 8231
rv64, BPF_JMP32 BPF_JSGT BPF_X, 165, 8033, 7704
rv64, BPF_JMP32 BPF_JSLT BPF_X, 168, 9910, 7704
rv64, BPF_JMP32 BPF_JSGE BPF_X, 163, 10043, 7704
rv64, BPF_JMP32 BPF_JSLE BPF_X, 166, 9939, 7704
rv64, BPF_JMP32 BPF_JSET BPF_X, 207, 13598, 8236
rv64, BPF_JMP BPF_JA, 164, 3683, 7055
rv64, BPF_JMP BPF_JEQ BPF_K, 269, 73776, 9130
rv64, BPF_JMP BPF_JGT BPF_K, 246, 70307, 9144
rv64, BPF_JMP BPF_JLT BPF_K, 247, 58744, 9144
rv64, BPF_JMP BPF_JGE BPF_K, 250, 64225, 9144
rv64, BPF_JMP BPF_JLE BPF_K, 259, 73519, 9144
rv64, BPF_JMP BPF_JNE BPF_K, 245, 58419, 9130
rv64, BPF_JMP BPF_JSGT BPF_K, 246, 76736, 9144
rv64, BPF_JMP BPF_JSLT BPF_K, 247, 68939, 9144
rv64, BPF_JMP BPF_JSGE BPF_K, 248, 66240, 9144
rv64, BPF_JMP BPF_JSLE BPF_K, 251, 83356, 9144
rv64, BPF_JMP BPF_JSET BPF_K, 250, 55044, 8962
rv64, BPF_JMP BPF_JEQ BPF_X, 189, 8900, 7852
rv64, BPF_JMP BPF_JGT BPF_X, 188, 9780, 7854
rv64, BPF_JMP BPF_JLT BPF_X, 171, 10057, 7854
rv64, BPF_JMP BPF_JGE BPF_X, 172, 9869, 7854
rv64, BPF_JMP BPF_JLE BPF_X, 173, 10063, 7854
rv64, BPF_JMP BPF_JNE BPF_X, 174, 10407, 7852
rv64, BPF_JMP BPF_JSGT BPF_X, 183, 9397, 7854
rv64, BPF_JMP BPF_JSLT BPF_X, 171, 11507, 7854
rv64, BPF_JMP BPF_JSGE BPF_X, 175, 9865, 7854
rv64, BPF_JMP BPF_JSLE BPF_X, 170, 10165, 7854
rv64, BPF_JMP BPF_JSET BPF_X, 163, 7437, 7680
rv64, BPF_LD BPF_IMM BPF_DW, 69025, 9962529, 190779
rv64, BPF_LDX BPF_MEM BPF_B, 361, 19842, 13737
rv64, BPF_LDX BPF_MEM BPF_H, 324, 20069, 13750
rv64, BPF_LDX BPF_MEM BPF_W, 332, 14687, 13772
rv64, BPF_LDX BPF_MEM BPF_DW, 375, 40801, 14036
rv64, BPF_ST BPF_MEM BPF_B, 586, 18926, 14904
rv64, BPF_ST BPF_MEM BPF_H, 572, 16094, 14906
rv64, BPF_ST BPF_MEM BPF_W, 561, 16635, 14916
rv64, BPF_ST BPF_MEM BPF_DW, 769, 49738, 20676
rv64, BPF_STX BPF_MEM BPF_B, 316, 17363, 12085
rv64, BPF_STX BPF_MEM BPF_H, 285, 18381, 12087
rv64, BPF_STX BPF_MEM BPF_W, 302, 19085, 12452
rv64, BPF_STX BPF_MEM BPF_DW, 368, 41924, 15915
rv64, BPF_STX BPF_XADD BPF_W, 510, 45175, 15961
rv64, BPF_STX BPF_XADD BPF_DW, 610, 84309, 23194
rv32, BPF_ALU BPF_MOV BPF_K, 1533, 10958, 137388
rv32, BPF_ALU BPF_ADD BPF_K, 1714, 12845, 138722
rv32, BPF_ALU BPF_SUB BPF_K, 1680, 15906, 138725
rv32, BPF_ALU BPF_AND BPF_K, 2001, 9333, 138722
rv32, BPF_ALU BPF_OR BPF_K, 1617, 8916, 138722
rv32, BPF_ALU BPF_XOR BPF_K, 1668, 11352, 138722
rv32, BPF_ALU BPF_MUL BPF_K, 1822, 9279, 138455
rv32, BPF_ALU BPF_DIV BPF_K, 1743, 9360, 138446
rv32, BPF_ALU BPF_MOD BPF_K, 1679, 14659, 138474
rv32, BPF_ALU BPF_LSH BPF_K, 1733, 11338, 138745
rv32, BPF_ALU BPF_RSH BPF_K, 2019, 10684, 138745
rv32, BPF_ALU BPF_ARSH BPF_K, 1678, 13665, 138745
rv32, BPF_ALU BPF_MOV BPF_X, 1785, 12997, 159652
rv32, BPF_ALU BPF_ADD BPF_X, 1791, 19242, 151767
rv32, BPF_ALU BPF_SUB BPF_X, 1761, 23406, 151887
rv32, BPF_ALU BPF_AND BPF_X, 2008, 13658, 151767
rv32, BPF_ALU BPF_OR BPF_X, 1745, 13717, 151767
rv32, BPF_ALU BPF_XOR BPF_X, 1796, 16218, 151883
rv32, BPF_ALU BPF_MUL BPF_X, 1798, 10622, 151780
rv32, BPF_ALU BPF_DIV BPF_X, 1770, 13901, 151771
rv32, BPF_ALU BPF_MOD BPF_X, 1797, 17026, 151799
rv32, BPF_ALU BPF_LSH BPF_X, 1976, 16100, 151770
rv32, BPF_ALU BPF_RSH BPF_X, 1775, 17965, 151770
rv32, BPF_ALU BPF_ARSH BPF_X, 1805, 19426, 151770
rv32, BPF_ALU BPF_NEG, 1547, 7224, 135917
rv32, BPF_ALU64 BPF_MOV BPF_K, 1708, 11773, 145817
rv32, BPF_ALU64 BPF_ADD BPF_K, 1722, 18694, 145267
rv32, BPF_ALU64 BPF_SUB BPF_K, 1723, 17547, 145131
rv32, BPF_ALU64 BPF_AND BPF_K, 2149, 9579, 147198
rv32, BPF_ALU64 BPF_OR BPF_K, 1834, 10928, 147198
rv32, BPF_ALU64 BPF_XOR BPF_K, 1929, 11108, 147254
rv32, BPF_ALU64 BPF_MUL BPF_K, 1863, 156402, 145576
rv32, BPF_ALU64 BPF_LSH BPF_K, 1724, 17530, 145123
rv32, BPF_ALU64 BPF_RSH BPF_K, 1669, 15752, 145128
rv32, BPF_ALU64 BPF_ARSH BPF_K, 2054, 18947, 145158
rv32, BPF_ALU64 BPF_MOV BPF_X, 1716, 17981, 168795
rv32, BPF_ALU64 BPF_ADD BPF_X, 2225, 50730, 171562
rv32, BPF_ALU64 BPF_SUB BPF_X, 1892, 43600, 169062
rv32, BPF_ALU64 BPF_AND BPF_X, 2058, 18779, 168882
rv32, BPF_ALU64 BPF_OR BPF_X, 1894, 16779, 168882
rv32, BPF_ALU64 BPF_XOR BPF_X, 1842, 18114, 168998
rv32, BPF_ALU64 BPF_MUL BPF_X, 2024, 92595, 169251
rv32, BPF_ALU64 BPF_LSH BPF_X, 2059, 25789, 171674
rv32, BPF_ALU64 BPF_RSH BPF_X, 2282, 27770, 171652
rv32, BPF_ALU64 BPF_ARSH BPF_X, 2035, 43922, 171677
rv32, BPF_ALU64 BPF_NEG, 1515, 8929, 143022
rv32, BPF_ALU BPF_END BPF_FROM_BE, 4521, 26956, 296029
rv32, BPF_ALU BPF_END BPF_FROM_LE, 4098, 20925, 293355
rv32, BPF_JMP BPF_CALL, 1621, 8034, 170518
rv32, BPF_JMP BPF_TAIL_CALL, 12338, 131177, 470448
rv32, BPF_JMP BPF_EXIT, 569, 5507, 63650
rv32, BPF_JMP32 BPF_JEQ BPF_K, 848, 51556, 71151
rv32, BPF_JMP32 BPF_JGT BPF_K, 852, 47943, 71159
rv32, BPF_JMP32 BPF_JLT BPF_K, 837, 32300, 71159
rv32, BPF_JMP32 BPF_JGE BPF_K, 840, 28254, 71159
rv32, BPF_JMP32 BPF_JLE BPF_K, 835, 24029, 71159
rv32, BPF_JMP32 BPF_JNE BPF_K, 841, 62436, 71151
rv32, BPF_JMP32 BPF_JSGT BPF_K, 825, 44977, 71159
rv32, BPF_JMP32 BPF_JSLT BPF_K, 851, 44974, 71159
rv32, BPF_JMP32 BPF_JSGE BPF_K, 846, 49667, 71159
rv32, BPF_JMP32 BPF_JSLE BPF_K, 855, 42709, 71159
rv32, BPF_JMP32 BPF_JSET BPF_K, 778, 33298, 70527
rv32, BPF_JMP32 BPF_JEQ BPF_X, 838, 36598, 78276
rv32, BPF_JMP32 BPF_JGT BPF_X, 843, 36887, 78284
rv32, BPF_JMP32 BPF_JLT BPF_X, 827, 32861, 78284
rv32, BPF_JMP32 BPF_JGE BPF_X, 835, 58273, 78284
rv32, BPF_JMP32 BPF_JLE BPF_X, 825, 37753, 78284
rv32, BPF_JMP32 BPF_JNE BPF_X, 892, 48801, 78276
rv32, BPF_JMP32 BPF_JSGT BPF_X, 895, 57305, 78284
rv32, BPF_JMP32 BPF_JSLT BPF_X, 910, 39872, 78284
rv32, BPF_JMP32 BPF_JSGE BPF_X, 908, 50790, 78284
rv32, BPF_JMP32 BPF_JSLE BPF_X, 862, 67245, 78284
rv32, BPF_JMP32 BPF_JSET BPF_X, 835, 22710, 77609
rv32, BPF_JMP BPF_JA, 554, 5992, 63662
rv32, BPF_JMP BPF_JEQ BPF_K, 814, 53249, 76003
rv32, BPF_JMP BPF_JGT BPF_K, 871, 35165, 76131
rv32, BPF_JMP BPF_JLT BPF_K, 883, 42701, 76130
rv32, BPF_JMP BPF_JGE BPF_K, 927, 43726, 76130
rv32, BPF_JMP BPF_JLE BPF_K, 846, 44117, 76131
rv32, BPF_JMP BPF_JNE BPF_K, 871, 42247, 76003
rv32, BPF_JMP BPF_JSGT BPF_K, 855, 48969, 76323
rv32, BPF_JMP BPF_JSLT BPF_K, 881, 54669, 76322
rv32, BPF_JMP BPF_JSGE BPF_K, 900, 49749, 76322
rv32, BPF_JMP BPF_JSLE BPF_K, 1118, 35194, 76323
rv32, BPF_JMP BPF_JSET BPF_K, 824, 61653, 75991
rv32, BPF_JMP BPF_JEQ BPF_X, 878, 34481, 90484
rv32, BPF_JMP BPF_JGT BPF_X, 915, 36512, 90787
rv32, BPF_JMP BPF_JLT BPF_X, 909, 59295, 90787
rv32, BPF_JMP BPF_JGE BPF_X, 891, 51382, 90787
rv32, BPF_JMP BPF_JLE BPF_X, 908, 41807, 90787
rv32, BPF_JMP BPF_JNE BPF_X, 911, 29166, 90484
rv32, BPF_JMP BPF_JSGT BPF_X, 931, 34792, 90787
rv32, BPF_JMP BPF_JSLT BPF_X, 958, 71867, 90787
rv32, BPF_JMP BPF_JSGE BPF_X, 1017, 54334, 90787
rv32, BPF_JMP BPF_JSLE BPF_X, 977, 53762, 90787
rv32, BPF_JMP BPF_JSET BPF_X, 986, 36967, 90508
rv32, BPF_LD BPF_IMM BPF_DW, 1729, 10990, 145912
rv32, BPF_LDX BPF_MEM BPF_B, 3211, 31638, 247530
rv32, BPF_LDX BPF_MEM BPF_H, 3322, 36678, 247571
rv32, BPF_LDX BPF_MEM BPF_W, 3299, 65423, 205299
rv32, BPF_LDX BPF_MEM BPF_DW, 2606, 76375, 223616
rv32, BPF_ST BPF_MEM BPF_B, 1343, 29397, 106528
rv32, BPF_ST BPF_MEM BPF_H, 1410, 19511, 106530
rv32, BPF_ST BPF_MEM BPF_W, 1551, 37256, 116335
rv32, BPF_ST BPF_MEM BPF_DW, 2151, 66287, 161130
rv32, BPF_STX BPF_MEM BPF_B, 1332, 27190, 123427
rv32, BPF_STX BPF_MEM BPF_H, 1400, 32193, 123429
rv32, BPF_STX BPF_MEM BPF_W, 1715, 45377, 139092
rv32, BPF_STX BPF_MEM BPF_DW, 2450, 64365, 191624
rv32, BPF_STX BPF_XADD BPF_W, 2317, 54223, 198759
arm64, BPF_ALU BPF_MOV BPF_K, 247, 24704, 8321
arm64, BPF_ALU BPF_ADD BPF_K, 259, 11868, 8515
arm64, BPF_ALU BPF_SUB BPF_K, 252, 40300, 8535
arm64, BPF_ALU BPF_AND BPF_K, 281, 23875, 10251
arm64, BPF_ALU BPF_OR BPF_K, 272, 40715, 10251
arm64, BPF_ALU BPF_XOR BPF_K, 271, 61315, 10251
arm64, BPF_ALU BPF_MUL BPF_K, 208, 18111, 7797
arm64, BPF_ALU BPF_DIV BPF_K, 202, 22502, 7811
arm64, BPF_ALU BPF_MOD BPF_K, 231, 26649, 7860
arm64, BPF_ALU BPF_LSH BPF_K, 151, 6333, 7612
arm64, BPF_ALU BPF_RSH BPF_K, 146, 5799, 7344
arm64, BPF_ALU BPF_ARSH BPF_K, 148, 6868, 7384
arm64, BPF_ALU BPF_MOV BPF_X, 176, 3758, 7559
arm64, BPF_ALU BPF_ADD BPF_X, 158, 7961, 7604
arm64, BPF_ALU BPF_SUB BPF_X, 162, 11911, 7724
arm64, BPF_ALU BPF_AND BPF_X, 158, 4139, 7579
arm64, BPF_ALU BPF_OR BPF_X, 169, 3650, 7579
arm64, BPF_ALU BPF_XOR BPF_X, 159, 10118, 7695
arm64, BPF_ALU BPF_MUL BPF_X, 156, 1971, 7587
arm64, BPF_ALU BPF_DIV BPF_X, 155, 4900, 7589
arm64, BPF_ALU BPF_MOD BPF_X, 174, 5186, 7608
arm64, BPF_ALU BPF_LSH BPF_X, 157, 7726, 7580
arm64, BPF_ALU BPF_RSH BPF_X, 161, 5725, 7580
arm64, BPF_ALU BPF_ARSH BPF_X, 160, 20819, 7580
arm64, BPF_ALU BPF_NEG, 145, 5188, 7340
arm64, BPF_ALU64 BPF_MOV BPF_K, 233, 3092, 8137
arm64, BPF_ALU64 BPF_ADD BPF_K, 251, 10812, 8307
arm64, BPF_ALU64 BPF_SUB BPF_K, 246, 14537, 8328
arm64, BPF_ALU64 BPF_AND BPF_K, 275, 7642, 10144
arm64, BPF_ALU64 BPF_OR BPF_K, 259, 7457, 10144
arm64, BPF_ALU64 BPF_XOR BPF_K, 261, 7920, 10144
arm64, BPF_ALU64 BPF_MUL BPF_K, 199, 4284, 7606
arm64, BPF_ALU64 BPF_DIV BPF_K, 199, 3887, 7622
arm64, BPF_ALU64 BPF_MOD BPF_K, 225, 16431, 7666
arm64, BPF_ALU64 BPF_LSH BPF_K, 145, 4773, 7193
arm64, BPF_ALU64 BPF_RSH BPF_K, 140, 4511, 7179
arm64, BPF_ALU64 BPF_ARSH BPF_K, 144, 6145, 7251
arm64, BPF_ALU64 BPF_MOV BPF_X, 173, 3731, 7403
arm64, BPF_ALU64 BPF_ADD BPF_X, 156, 9677, 7446
arm64, BPF_ALU64 BPF_SUB BPF_X, 158, 14720, 7566
arm64, BPF_ALU64 BPF_AND BPF_X, 152, 3534, 7421
arm64, BPF_ALU64 BPF_OR BPF_X, 153, 3803, 7421
arm64, BPF_ALU64 BPF_XOR BPF_X, 168, 4775, 7537
arm64, BPF_ALU64 BPF_MUL BPF_X, 152, 2318, 7429
arm64, BPF_ALU64 BPF_DIV BPF_X, 154, 2799, 7431
arm64, BPF_ALU64 BPF_MOD BPF_X, 165, 4569, 7449
arm64, BPF_ALU64 BPF_LSH BPF_X, 157, 5117, 7422
arm64, BPF_ALU64 BPF_RSH BPF_X, 158, 4829, 7422
arm64, BPF_ALU64 BPF_ARSH BPF_X, 155, 6386, 7422
arm64, BPF_ALU64 BPF_NEG, 142, 2126, 7183
arm64, BPF_ALU BPF_END BPF_FROM_BE, 233, 5401, 7974
arm64, BPF_ALU BPF_END BPF_FROM_LE, 172, 10222, 7635
arm64, BPF_JMP BPF_CALL, 195, 1750, 9688
arm64, BPF_JMP BPF_EXIT, 126, 2660, 6780
arm64, BPF_JMP32 BPF_JEQ BPF_K, 204, 19662, 8155
arm64, BPF_JMP32 BPF_JGT BPF_K, 182, 17729, 8183
arm64, BPF_JMP32 BPF_JLT BPF_K, 180, 18377, 8218
arm64, BPF_JMP32 BPF_JGE BPF_K, 180, 16362, 8155
arm64, BPF_JMP32 BPF_JLE BPF_K, 197, 18412, 8246
arm64, BPF_JMP32 BPF_JNE BPF_K, 182, 17465, 8218
arm64, BPF_JMP32 BPF_JSGT BPF_K, 182, 19469, 8190
arm64, BPF_JMP32 BPF_JSLT BPF_K, 183, 17345, 8246
arm64, BPF_JMP32 BPF_JSGE BPF_K, 178, 17712, 8183
arm64, BPF_JMP32 BPF_JSLE BPF_K, 185, 19615, 8253
arm64, BPF_JMP32 BPF_JSET BPF_K, 205, 18661, 9963
arm64, BPF_JMP32 BPF_JEQ BPF_X, 166, 7434, 7345
arm64, BPF_JMP32 BPF_JGT BPF_X, 138, 10857, 7349
arm64, BPF_JMP32 BPF_JLT BPF_X, 145, 9398, 7351
arm64, BPF_JMP32 BPF_JGE BPF_X, 141, 11071, 7345
arm64, BPF_JMP32 BPF_JLE BPF_X, 136, 12016, 7355
arm64, BPF_JMP32 BPF_JNE BPF_X, 156, 9791, 7351
arm64, BPF_JMP32 BPF_JSGT BPF_X, 138, 9058, 7350
arm64, BPF_JMP32 BPF_JSLT BPF_X, 142, 9316, 7355
arm64, BPF_JMP32 BPF_JSGE BPF_X, 141, 10462, 7349
arm64, BPF_JMP32 BPF_JSLE BPF_X, 139, 11388, 7356
arm64, BPF_JMP32 BPF_JSET BPF_X, 140, 7281, 7330
arm64, BPF_JMP BPF_JA, 154, 4469, 6785
arm64, BPF_JMP BPF_JEQ BPF_K, 183, 20346, 8099
arm64, BPF_JMP BPF_JGT BPF_K, 188, 19989, 8127
arm64, BPF_JMP BPF_JLT BPF_K, 187, 18561, 8162
arm64, BPF_JMP BPF_JGE BPF_K, 202, 23108, 8099
arm64, BPF_JMP BPF_JLE BPF_K, 185, 18367, 8190
arm64, BPF_JMP BPF_JNE BPF_K, 184, 18793, 8162
arm64, BPF_JMP BPF_JSGT BPF_K, 183, 22211, 8134
arm64, BPF_JMP BPF_JSLT BPF_K, 184, 20025, 8190
arm64, BPF_JMP BPF_JSGE BPF_K, 186, 20840, 8127
arm64, BPF_JMP BPF_JSLE BPF_K, 190, 19354, 8197
arm64, BPF_JMP BPF_JSET BPF_K, 220, 19922, 10008
arm64, BPF_JMP BPF_JEQ BPF_X, 167, 11638, 7339
arm64, BPF_JMP BPF_JGT BPF_X, 143, 12130, 7343
arm64, BPF_JMP BPF_JLT BPF_X, 143, 13073, 7345
arm64, BPF_JMP BPF_JGE BPF_X, 142, 12043, 7339
arm64, BPF_JMP BPF_JLE BPF_X, 138, 16327, 7349
arm64, BPF_JMP BPF_JNE BPF_X, 157, 11916, 7345
arm64, BPF_JMP BPF_JSGT BPF_X, 136, 13803, 7344
arm64, BPF_JMP BPF_JSLT BPF_X, 141, 12337, 7349
arm64, BPF_JMP BPF_JSGE BPF_X, 139, 11431, 7343
arm64, BPF_JMP BPF_JSLE BPF_X, 139, 15952, 7350
arm64, BPF_JMP BPF_JSET BPF_X, 143, 11483, 7324
arm64, BPF_LD BPF_IMM BPF_DW, 759, 15795, 12878
arm64, BPF_LDX BPF_MEM BPF_B, 309, 9116, 12609
arm64, BPF_LDX BPF_MEM BPF_H, 291, 17596, 12622
arm64, BPF_LDX BPF_MEM BPF_W, 301, 12970, 12643
arm64, BPF_LDX BPF_MEM BPF_DW, 272, 26227, 11260
arm64, BPF_ST BPF_MEM BPF_B, 429, 8677, 12269
arm64, BPF_ST BPF_MEM BPF_H, 426, 11432, 12270
arm64, BPF_ST BPF_MEM BPF_W, 410, 11495, 12308
arm64, BPF_ST BPF_MEM BPF_DW, 512, 20355, 16079
arm64, BPF_STX BPF_MEM BPF_B, 272, 11866, 11005
arm64, BPF_STX BPF_MEM BPF_H, 253, 21197, 11007
arm64, BPF_STX BPF_MEM BPF_W, 268, 14785, 11006
arm64, BPF_STX BPF_MEM BPF_DW, 272, 28043, 13319
arm64, BPF_STX BPF_XADD BPF_W, 449, 20152, 14874
arm64, BPF_STX BPF_XADD BPF_DW, 499, 69534, 20638
arm32, BPF_ALU BPF_MOV BPF_K, 3651, 33816, 305602
arm32, BPF_ALU BPF_ADD BPF_K, 5663, 27412, 348763
arm32, BPF_ALU BPF_SUB BPF_K, 5557, 36855, 348767
arm32, BPF_ALU BPF_AND BPF_K, 5457, 24019, 348191
arm32, BPF_ALU BPF_OR BPF_K, 5433, 25821, 348191
arm32, BPF_ALU BPF_XOR BPF_K, 5376, 25737, 348191
arm32, BPF_ALU BPF_MUL BPF_K, 5651, 25927, 348208
arm32, BPF_ALU BPF_DIV BPF_K, 3795, 20187, 319051
arm32, BPF_ALU BPF_MOD BPF_K, 3768, 33217, 319100
arm32, BPF_ALU BPF_LSH BPF_K, 3877, 23706, 318554
arm32, BPF_ALU BPF_RSH BPF_K, 3555, 17923, 318590
arm32, BPF_ALU BPF_ARSH BPF_K, 3500, 23198, 318590
arm32, BPF_ALU BPF_MOV BPF_X, 3649, 32541, 325214
arm32, BPF_ALU BPF_ADD BPF_X, 5201, 53100, 371455
arm32, BPF_ALU BPF_SUB BPF_X, 5064, 75081, 371575
arm32, BPF_ALU BPF_AND BPF_X, 5484, 33051, 371186
arm32, BPF_ALU BPF_OR BPF_X, 4844, 36567, 371186
arm32, BPF_ALU BPF_XOR BPF_X, 5266, 36141, 371302
arm32, BPF_ALU BPF_MUL BPF_X, 4862, 30165, 371199
arm32, BPF_ALU BPF_DIV BPF_X, 4299, 31007, 342038
arm32, BPF_ALU BPF_MOD BPF_X, 4215, 35764, 342075
arm32, BPF_ALU BPF_LSH BPF_X, 5093, 39306, 371301
arm32, BPF_ALU BPF_RSH BPF_X, 5487, 34209, 371301
arm32, BPF_ALU BPF_ARSH BPF_X, 5076, 41245, 371301
arm32, BPF_ALU BPF_NEG, 3895, 16495, 315132
arm32, BPF_ALU64 BPF_MOV BPF_K, 3511, 22595, 305459
arm32, BPF_ALU64 BPF_ADD BPF_K, 4342, 31685, 334998
arm32, BPF_ALU64 BPF_SUB BPF_K, 4242, 41958, 335005
arm32, BPF_ALU64 BPF_AND BPF_K, 4152, 26529, 333971
arm32, BPF_ALU64 BPF_OR BPF_K, 4520, 28809, 333971
arm32, BPF_ALU64 BPF_XOR BPF_K, 4178, 27513, 333971
arm32, BPF_ALU64 BPF_MUL BPF_K, 4396, 83489, 336035
arm32, BPF_ALU64 BPF_LSH BPF_K, 4093, 28262, 330330
arm32, BPF_ALU64 BPF_RSH BPF_K, 3962, 28350, 331516
arm32, BPF_ALU64 BPF_ARSH BPF_K, 3810, 30960, 331527
arm32, BPF_ALU64 BPF_MOV BPF_X, 3335, 37184, 338223
arm32, BPF_ALU64 BPF_ADD BPF_X, 4141, 67585, 371768
arm32, BPF_ALU64 BPF_SUB BPF_X, 4079, 80922, 371891
arm32, BPF_ALU64 BPF_AND BPF_X, 4427, 45038, 371472
arm32, BPF_ALU64 BPF_OR BPF_X, 3846, 41309, 371472
arm32, BPF_ALU64 BPF_XOR BPF_X, 4189, 51716, 371588
arm32, BPF_ALU64 BPF_MUL BPF_X, 3851, 115848, 372183
arm32, BPF_ALU64 BPF_LSH BPF_X, 3778, 48652, 354434
arm32, BPF_ALU64 BPF_RSH BPF_X, 3553, 59706, 354454
arm32, BPF_ALU64 BPF_ARSH BPF_X, 3519, 62170, 354526
arm32, BPF_ALU64 BPF_NEG, 3378, 15480, 327731
arm32, BPF_ALU BPF_END BPF_FROM_BE, 4193, 19682, 335287
arm32, BPF_ALU BPF_END BPF_FROM_LE, 4185, 19754, 332645
arm32, BPF_JMP BPF_CALL, 11718, 35227, 920171
arm32, BPF_JMP BPF_EXIT, 1607, 9076, 154279
arm32, BPF_JMP32 BPF_JEQ BPF_K, 2064, 31761, 176580
arm32, BPF_JMP32 BPF_JGT BPF_K, 2150, 43677, 176628
arm32, BPF_JMP32 BPF_JLT BPF_K, 2167, 38064, 176580
arm32, BPF_JMP32 BPF_JGE BPF_K, 2137, 35332, 176580
arm32, BPF_JMP32 BPF_JLE BPF_K, 2225, 39435, 176628
arm32, BPF_JMP32 BPF_JNE BPF_K, 2164, 33363, 176580
arm32, BPF_JMP32 BPF_JSGT BPF_K, 2110, 42097, 176627
arm32, BPF_JMP32 BPF_JSLT BPF_K, 2343, 44056, 176628
arm32, BPF_JMP32 BPF_JSGE BPF_K, 2050, 52808, 176628
arm32, BPF_JMP32 BPF_JSLE BPF_K, 2185, 49636, 176627
arm32, BPF_JMP32 BPF_JSET BPF_K, 2117, 41000, 176421
arm32, BPF_JMP32 BPF_JEQ BPF_X, 2045, 33001, 207552
arm32, BPF_JMP32 BPF_JGT BPF_X, 2142, 61942, 207574
arm32, BPF_JMP32 BPF_JLT BPF_X, 2307, 59775, 207552
arm32, BPF_JMP32 BPF_JGE BPF_X, 1993, 46274, 207552
arm32, BPF_JMP32 BPF_JLE BPF_X, 2152, 61164, 207574
arm32, BPF_JMP32 BPF_JNE BPF_X, 2094, 50731, 207552
arm32, BPF_JMP32 BPF_JSGT BPF_X, 2154, 54808, 207576
arm32, BPF_JMP32 BPF_JSLT BPF_X, 2321, 54186, 207574
arm32, BPF_JMP32 BPF_JSGE BPF_X, 2128, 54796, 207574
arm32, BPF_JMP32 BPF_JSLE BPF_X, 2201, 50990, 207576
arm32, BPF_JMP32 BPF_JSET BPF_X, 2104, 40062, 207452
arm32, BPF_JMP BPF_JA, 1423, 10907, 154293
arm32, BPF_JMP BPF_JEQ BPF_K, 2218, 30239, 177270
arm32, BPF_JMP BPF_JGT BPF_K, 2238, 43870, 177306
arm32, BPF_JMP BPF_JLT BPF_K, 2474, 30778, 177270
arm32, BPF_JMP BPF_JGE BPF_K, 2201, 30006, 177270
arm32, BPF_JMP BPF_JLE BPF_K, 2283, 50616, 177306
arm32, BPF_JMP BPF_JNE BPF_K, 2220, 44114, 177270
arm32, BPF_JMP BPF_JSGT BPF_K, 2225, 50235, 177158
arm32, BPF_JMP BPF_JSLT BPF_K, 2292, 52077, 177160
arm32, BPF_JMP BPF_JSGE BPF_K, 2277, 49635, 177160
arm32, BPF_JMP BPF_JSLE BPF_K, 2279, 47747, 177158
arm32, BPF_JMP BPF_JSET BPF_K, 2183, 36644, 176576
arm32, BPF_JMP BPF_JEQ BPF_X, 2052, 64627, 207939
arm32, BPF_JMP BPF_JGT BPF_X, 2141, 80689, 207951
arm32, BPF_JMP BPF_JLT BPF_X, 2359, 78642, 207939
arm32, BPF_JMP BPF_JGE BPF_X, 1976, 87014, 207939
arm32, BPF_JMP BPF_JLE BPF_X, 2170, 70387, 207951
arm32, BPF_JMP BPF_JNE BPF_X, 2091, 62487, 207939
arm32, BPF_JMP BPF_JSGT BPF_X, 2135, 81460, 207791
arm32, BPF_JMP BPF_JSLT BPF_X, 2348, 88004, 207787
arm32, BPF_JMP BPF_JSGE BPF_X, 2140, 80039, 207787
arm32, BPF_JMP BPF_JSLE BPF_X, 2178, 59016, 207791
arm32, BPF_JMP BPF_JSET BPF_X, 2126, 45469, 207523
arm32, BPF_LD BPF_IMM BPF_DW, 3666, 24963, 305455
arm32, BPF_LDX BPF_MEM BPF_B, 8797, 75226, 503063
arm32, BPF_LDX BPF_MEM BPF_H, 8488, 85721, 503087
arm32, BPF_LDX BPF_MEM BPF_W, 8386, 217236, 467515
arm32, BPF_LDX BPF_MEM BPF_DW, 6336, 364047, 460920
arm32, BPF_ST BPF_MEM BPF_B, 2644, 46937, 236663
arm32, BPF_ST BPF_MEM BPF_H, 2788, 46285, 236666
arm32, BPF_ST BPF_MEM BPF_W, 3812, 172826, 265655
arm32, BPF_ST BPF_MEM BPF_DW, 8864, 471119, 406251
arm32, BPF_STX BPF_MEM BPF_B, 3300, 63395, 263479
arm32, BPF_STX BPF_MEM BPF_H, 3569, 78453, 263483
arm32, BPF_STX BPF_MEM BPF_W, 3682, 224663, 315115
arm32, BPF_STX BPF_MEM BPF_DW, 4923, 572374, 445573
x86_64, BPF_ALU BPF_MOV BPF_K, 173, 6922, 3659
x86_64, BPF_ALU BPF_ADD BPF_K, 165, 4773, 4004
x86_64, BPF_ALU BPF_SUB BPF_K, 152, 11413, 3978
x86_64, BPF_ALU BPF_AND BPF_K, 150, 27030, 3880
x86_64, BPF_ALU BPF_OR BPF_K, 152, 13493, 3880
x86_64, BPF_ALU BPF_XOR BPF_K, 152, 44591, 3880
x86_64, BPF_ALU BPF_MUL BPF_K, 761, 59854, 13244
x86_64, BPF_ALU BPF_DIV BPF_K, 319, 4008, 8962
x86_64, BPF_ALU BPF_MOD BPF_K, 321, 5737, 8967
x86_64, BPF_ALU BPF_LSH BPF_K, 142, 26924, 3764
x86_64, BPF_ALU BPF_RSH BPF_K, 142, 7995, 3762
x86_64, BPF_ALU BPF_ARSH BPF_K, 144, 40901, 3757
x86_64, BPF_ALU BPF_MOV BPF_X, 165, 9067, 4454
x86_64, BPF_ALU BPF_ADD BPF_X, 167, 27356, 4580
x86_64, BPF_ALU BPF_SUB BPF_X, 158, 15252, 4685
x86_64, BPF_ALU BPF_AND BPF_X, 154, 25872, 4529
x86_64, BPF_ALU BPF_OR BPF_X, 155, 10656, 4529
x86_64, BPF_ALU BPF_XOR BPF_X, 173, 9128, 4645
x86_64, BPF_ALU BPF_MUL BPF_X, 788, 74791, 13914
x86_64, BPF_ALU BPF_DIV BPF_X, 358, 4798, 9628
x86_64, BPF_ALU BPF_MOD BPF_X, 355, 6609, 9633
x86_64, BPF_ALU BPF_LSH BPF_X, 613, 30854, 9510
x86_64, BPF_ALU BPF_RSH BPF_X, 613, 16491, 9508
x86_64, BPF_ALU BPF_ARSH BPF_X, 612, 14428, 9487
x86_64, BPF_ALU BPF_NEG, 106, 8488, 3441
x86_64, BPF_ALU64 BPF_MOV BPF_K, 195, 3766, 3707
x86_64, BPF_ALU64 BPF_ADD BPF_K, 156, 6222, 3781
x86_64, BPF_ALU64 BPF_SUB BPF_K, 145, 6037, 3755
x86_64, BPF_ALU64 BPF_AND BPF_K, 144, 3833, 3657
x86_64, BPF_ALU64 BPF_OR BPF_K, 146, 4486, 3657
x86_64, BPF_ALU64 BPF_XOR BPF_K, 161, 4785, 3657
x86_64, BPF_ALU64 BPF_MUL BPF_K, 1033, 12629, 15149
x86_64, BPF_ALU64 BPF_DIV BPF_K, 316, 3624, 8805
x86_64, BPF_ALU64 BPF_MOD BPF_K, 312, 6604, 8810
x86_64, BPF_ALU64 BPF_LSH BPF_K, 144, 6597, 3546
x86_64, BPF_ALU64 BPF_RSH BPF_K, 134, 6749, 3544
x86_64, BPF_ALU64 BPF_ARSH BPF_K, 136, 10072, 3539
x86_64, BPF_ALU64 BPF_MOV BPF_X, 144, 3398, 3948
x86_64, BPF_ALU64 BPF_ADD BPF_X, 143, 11928, 3982
x86_64, BPF_ALU64 BPF_SUB BPF_X, 134, 14252, 4093
x86_64, BPF_ALU64 BPF_AND BPF_X, 132, 4297, 3958
x86_64, BPF_ALU64 BPF_OR BPF_X, 131, 5199, 3958
x86_64, BPF_ALU64 BPF_XOR BPF_X, 135, 5273, 4074
x86_64, BPF_ALU64 BPF_MUL BPF_X, 800, 13210, 13846
x86_64, BPF_ALU64 BPF_DIV BPF_X, 356, 4691, 9468
x86_64, BPF_ALU64 BPF_MOD BPF_X, 364, 7198, 9473
x86_64, BPF_ALU64 BPF_LSH BPF_X, 607, 15742, 9227
x86_64, BPF_ALU64 BPF_RSH BPF_X, 605, 14157, 9225
x86_64, BPF_ALU64 BPF_ARSH BPF_X, 600, 24370, 9204
x86_64, BPF_ALU64 BPF_NEG, 106, 2209, 3235
x86_64, BPF_ALU BPF_END BPF_FROM_BE, 261, 9729, 4065
x86_64, BPF_ALU BPF_END BPF_FROM_LE, 158, 9769, 3678
x86_64, BPF_JMP BPF_CALL, 151, 3079, 5288
x86_64, BPF_JMP BPF_EXIT, 74, 4147, 2650
x86_64, BPF_JMP32 BPF_JEQ BPF_K, 327, 23069, 4149
x86_64, BPF_JMP32 BPF_JGT BPF_K, 296, 21860, 4157
x86_64, BPF_JMP32 BPF_JLT BPF_K, 289, 15252, 4100
x86_64, BPF_JMP32 BPF_JGE BPF_K, 308, 29681, 4110
x86_64, BPF_JMP32 BPF_JLE BPF_K, 293, 24613, 4157
x86_64, BPF_JMP32 BPF_JNE BPF_K, 295, 23476, 4149
x86_64, BPF_JMP32 BPF_JSGT BPF_K, 298, 34063, 4167
x86_64, BPF_JMP32 BPF_JSLT BPF_K, 297, 22475, 4161
x86_64, BPF_JMP32 BPF_JSGE BPF_K, 296, 21121, 4161
x86_64, BPF_JMP32 BPF_JSLE BPF_K, 298, 43099, 4173
x86_64, BPF_JMP32 BPF_JSET BPF_K, 139, 12851, 3307
x86_64, BPF_JMP32 BPF_JEQ BPF_X, 223, 11810, 4602
x86_64, BPF_JMP32 BPF_JGT BPF_X, 210, 13856, 4606
x86_64, BPF_JMP32 BPF_JLT BPF_X, 197, 11986, 4602
x86_64, BPF_JMP32 BPF_JGE BPF_X, 196, 9950, 4602
x86_64, BPF_JMP32 BPF_JLE BPF_X, 212, 12482, 4606
x86_64, BPF_JMP32 BPF_JNE BPF_X, 198, 13137, 4602
x86_64, BPF_JMP32 BPF_JSGT BPF_X, 199, 18101, 4608
x86_64, BPF_JMP32 BPF_JSLT BPF_X, 200, 12677, 4606
x86_64, BPF_JMP32 BPF_JSGE BPF_X, 198, 13519, 4606
x86_64, BPF_JMP32 BPF_JSLE BPF_X, 200, 15948, 4610
x86_64, BPF_JMP32 BPF_JSET BPF_X, 200, 12510, 4558
x86_64, BPF_JMP BPF_JA, 102, 4955, 2660
x86_64, BPF_JMP BPF_JEQ BPF_K, 300, 13953, 4221
x86_64, BPF_JMP BPF_JGT BPF_K, 289, 12269, 4229
x86_64, BPF_JMP BPF_JLT BPF_K, 304, 11574, 4190
x86_64, BPF_JMP BPF_JGE BPF_K, 286, 25569, 4200
x86_64, BPF_JMP BPF_JLE BPF_K, 287, 16012, 4229
x86_64, BPF_JMP BPF_JNE BPF_K, 290, 14635, 4221
x86_64, BPF_JMP BPF_JSGT BPF_K, 289, 15615, 4236
x86_64, BPF_JMP BPF_JSLT BPF_K, 287, 16887, 4231
x86_64, BPF_JMP BPF_JSGE BPF_K, 290, 16009, 4231
x86_64, BPF_JMP BPF_JSLE BPF_K, 289, 15898, 4241
x86_64, BPF_JMP BPF_JSET BPF_K, 138, 5137, 3230
x86_64, BPF_JMP BPF_JEQ BPF_X, 181, 7907, 4013
x86_64, BPF_JMP BPF_JGT BPF_X, 168, 11802, 4015
x86_64, BPF_JMP BPF_JLT BPF_X, 156, 10182, 4013
x86_64, BPF_JMP BPF_JGE BPF_X, 157, 9699, 4013
x86_64, BPF_JMP BPF_JLE BPF_X, 155, 11084, 4015
x86_64, BPF_JMP BPF_JNE BPF_X, 171, 10288, 4013
x86_64, BPF_JMP BPF_JSGT BPF_X, 157, 13027, 4016
x86_64, BPF_JMP BPF_JSLT BPF_X, 158, 12578, 4015
x86_64, BPF_JMP BPF_JSGE BPF_X, 155, 12285, 4015
x86_64, BPF_JMP BPF_JSLE BPF_X, 157, 13558, 4017
x86_64, BPF_JMP BPF_JSET BPF_X, 158, 6677, 3996
x86_64, BPF_LD BPF_IMM BPF_DW, 196, 4333, 3716
x86_64, BPF_LDX BPF_MEM BPF_B, 218, 18734, 5774
x86_64, BPF_LDX BPF_MEM BPF_H, 206, 19044, 5785
x86_64, BPF_LDX BPF_MEM BPF_W, 238, 47117, 6375
x86_64, BPF_LDX BPF_MEM BPF_DW, 208, 23317, 5288
x86_64, BPF_ST BPF_MEM BPF_B, 198, 18156, 4338
x86_64, BPF_ST BPF_MEM BPF_H, 188, 21865, 4341
x86_64, BPF_ST BPF_MEM BPF_W, 178, 20169, 4342
x86_64, BPF_ST BPF_MEM BPF_DW, 182, 71725, 5325
x86_64, BPF_STX BPF_MEM BPF_B, 260, 24376, 5673
x86_64, BPF_STX BPF_MEM BPF_H, 233, 23017, 5655
x86_64, BPF_STX BPF_MEM BPF_W, 231, 22705, 5655
x86_64, BPF_STX BPF_MEM BPF_DW, 208, 24239, 5761
x86_64, BPF_STX BPF_XADD BPF_W, 345, 25003, 6202
x86_64, BPF_STX BPF_XADD BPF_DW, 264, 28514, 7387
x86_32, BPF_ALU BPF_MOV BPF_K, 2918, 26571, 302360
x86_32, BPF_ALU BPF_ADD BPF_K, 4146, 52843, 340696
x86_32, BPF_ALU BPF_SUB BPF_K, 3979, 54129, 340675
x86_32, BPF_ALU BPF_AND BPF_K, 4052, 58043, 340606
x86_32, BPF_ALU BPF_OR BPF_K, 4121, 55189, 340606
x86_32, BPF_ALU BPF_XOR BPF_K, 4000, 36750, 340606
x86_32, BPF_ALU BPF_MUL BPF_K, 3630, 15303, 318741
x86_32, BPF_ALU BPF_DIV BPF_K, 3481, 14374, 318741
x86_32, BPF_ALU BPF_MOD BPF_K, 3387, 20107, 318746
x86_32, BPF_ALU BPF_LSH BPF_K, 3680, 40851, 314866
x86_32, BPF_ALU BPF_RSH BPF_K, 3311, 40461, 314866
x86_32, BPF_ALU BPF_ARSH BPF_K, 3277, 53316, 314861
x86_32, BPF_ALU BPF_MOV BPF_X, 3406, 25937, 325310
x86_32, BPF_ALU BPF_ADD BPF_X, 4004, 84653, 341874
x86_32, BPF_ALU BPF_SUB BPF_X, 3913, 113324, 341967
x86_32, BPF_ALU BPF_AND BPF_X, 3818, 58028, 341764
x86_32, BPF_ALU BPF_OR BPF_X, 4223, 68285, 341764
x86_32, BPF_ALU BPF_XOR BPF_X, 3825, 77041, 341880
x86_32, BPF_ALU BPF_MUL BPF_X, 3784, 27744, 340195
x86_32, BPF_ALU BPF_DIV BPF_X, 4414, 22862, 341152
x86_32, BPF_ALU BPF_MOD BPF_X, 4011, 33994, 341157
x86_32, BPF_ALU BPF_LSH BPF_X, 4348, 83610, 363221
x86_32, BPF_ALU BPF_RSH BPF_X, 4596, 72373, 363221
x86_32, BPF_ALU BPF_ARSH BPF_X, 4278, 77151, 363212
x86_32, BPF_ALU BPF_NEG, 3612, 39148, 314796
x86_32, BPF_ALU64 BPF_MOV BPF_K, 3358, 16535, 304228
x86_32, BPF_ALU64 BPF_ADD BPF_K, 5145, 67753, 383919
x86_32, BPF_ALU64 BPF_SUB BPF_K, 4926, 72881, 383945
x86_32, BPF_ALU64 BPF_AND BPF_K, 5400, 43379, 383557
x86_32, BPF_ALU64 BPF_OR BPF_K, 4787, 44571, 383557
x86_32, BPF_ALU64 BPF_XOR BPF_K, 5337, 46895, 383557
x86_32, BPF_ALU64 BPF_MUL BPF_K, 3941, 25726, 354700
x86_32, BPF_ALU64 BPF_LSH BPF_K, 4263, 59766, 350571
x86_32, BPF_ALU64 BPF_RSH BPF_K, 4198, 65569, 350571
x86_32, BPF_ALU64 BPF_ARSH BPF_K, 3981, 72261, 350610
x86_32, BPF_ALU64 BPF_MOV BPF_X, 4056, 43166, 357417
x86_32, BPF_ALU64 BPF_ADD BPF_X, 5307, 145267, 413484
x86_32, BPF_ALU64 BPF_SUB BPF_X, 5246, 178561, 413607
x86_32, BPF_ALU64 BPF_AND BPF_X, 5232, 78985, 413114
x86_32, BPF_ALU64 BPF_OR BPF_X, 5264, 73238, 413114
x86_32, BPF_ALU64 BPF_XOR BPF_X, 5545, 96790, 413230
x86_32, BPF_ALU64 BPF_MUL BPF_X, 10961, 112477, 472071
x86_32, BPF_ALU64 BPF_LSH BPF_X, 5878, 97347, 418557
x86_32, BPF_ALU64 BPF_RSH BPF_X, 5175, 77838, 418557
x86_32, BPF_ALU64 BPF_ARSH BPF_X, 5499, 101726, 418665
x86_32, BPF_ALU64 BPF_NEG, 3497, 40458, 327639
x86_32, BPF_ALU BPF_END BPF_FROM_BE, 4710, 54001, 398266
x86_32, BPF_ALU BPF_END BPF_FROM_LE, 4168, 41317, 352641
x86_32, BPF_JMP BPF_CALL, 20937, 52841, 1678203
x86_32, BPF_JMP BPF_EXIT, 1424, 10404, 154396
x86_32, BPF_JMP32 BPF_JEQ BPF_K, 1546, 21905, 166183
x86_32, BPF_JMP32 BPF_JGT BPF_K, 1673, 23963, 166191
x86_32, BPF_JMP32 BPF_JLT BPF_K, 1640, 20801, 166183
x86_32, BPF_JMP32 BPF_JGE BPF_K, 1690, 21852, 166183
x86_32, BPF_JMP32 BPF_JLE BPF_K, 1687, 25395, 166187
x86_32, BPF_JMP32 BPF_JNE BPF_K, 1613, 23335, 166183
x86_32, BPF_JMP32 BPF_JSGT BPF_K, 1772, 27671, 166193
x86_32, BPF_JMP32 BPF_JSLT BPF_K, 1865, 22717, 166187
x86_32, BPF_JMP32 BPF_JSGE BPF_K, 1607, 20911, 166187
x86_32, BPF_JMP32 BPF_JSLE BPF_K, 1584, 25497, 166191
x86_32, BPF_JMP32 BPF_JSET BPF_K, 1718, 21276, 165989
x86_32, BPF_JMP32 BPF_JEQ BPF_X, 1946, 44397, 180330
x86_32, BPF_JMP32 BPF_JGT BPF_X, 2022, 36839, 180346
x86_32, BPF_JMP32 BPF_JLT BPF_X, 2229, 28503, 180330
x86_32, BPF_JMP32 BPF_JGE BPF_X, 1888, 35624, 180330
x86_32, BPF_JMP32 BPF_JLE BPF_X, 2065, 43349, 180338
x86_32, BPF_JMP32 BPF_JNE BPF_X, 2010, 29671, 180330
x86_32, BPF_JMP32 BPF_JSGT BPF_X, 2016, 35016, 180350
x86_32, BPF_JMP32 BPF_JSLT BPF_X, 2449, 53986, 180338
x86_32, BPF_JMP32 BPF_JSGE BPF_X, 2372, 59536, 180338
x86_32, BPF_JMP32 BPF_JSLE BPF_X, 2120, 36986, 180346
x86_32, BPF_JMP32 BPF_JSET BPF_X, 2292, 50154, 180418
x86_32, BPF_JMP BPF_JA, 1452, 15056, 154410
x86_32, BPF_JMP BPF_JEQ BPF_K, 1925, 32657, 175775
x86_32, BPF_JMP BPF_JGT BPF_K, 1910, 27620, 175871
x86_32, BPF_JMP BPF_JLT BPF_K, 1878, 31675, 175857
x86_32, BPF_JMP BPF_JGE BPF_K, 1973, 22669, 175857
x86_32, BPF_JMP BPF_JLE BPF_K, 1950, 26197, 175865
x86_32, BPF_JMP BPF_JNE BPF_K, 1976, 36604, 175775
x86_32, BPF_JMP BPF_JSGT BPF_K, 1942, 25628, 175271
x86_32, BPF_JMP BPF_JSLT BPF_K, 1895, 26252, 175263
x86_32, BPF_JMP BPF_JSGE BPF_K, 1771, 26241, 175263
x86_32, BPF_JMP BPF_JSLE BPF_K, 1814, 27491, 175271
x86_32, BPF_JMP BPF_JSET BPF_K, 2178, 37746, 175573
x86_32, BPF_JMP BPF_JEQ BPF_X, 2544, 73018, 203617
x86_32, BPF_JMP BPF_JGT BPF_X, 2687, 74817, 203805
x86_32, BPF_JMP BPF_JLT BPF_X, 2859, 71444, 203777
x86_32, BPF_JMP BPF_JGE BPF_X, 2727, 75957, 203777
x86_32, BPF_JMP BPF_JLE BPF_X, 2716, 86285, 203793
x86_32, BPF_JMP BPF_JNE BPF_X, 2660, 84651, 203618
x86_32, BPF_JMP BPF_JSGT BPF_X, 2572, 78122, 202057
x86_32, BPF_JMP BPF_JSLT BPF_X, 2139, 73125, 202041
x86_32, BPF_JMP BPF_JSGE BPF_X, 2316, 100189, 202041
x86_32, BPF_JMP BPF_JSLE BPF_X, 2198, 89834, 202057
x86_32, BPF_JMP BPF_JSET BPF_X, 3058, 85276, 203281
x86_32, BPF_LD BPF_IMM BPF_DW, 3355, 20034, 304226
x86_32, BPF_LDX BPF_MEM BPF_B, 5714, 56761, 473848
x86_32, BPF_LDX BPF_MEM BPF_H, 5833, 50611, 473870
x86_32, BPF_LDX BPF_MEM BPF_W, 5445, 127713, 382506
x86_32, BPF_LDX BPF_MEM BPF_DW, 6025, 189248, 432092
x86_32, BPF_ST BPF_MEM BPF_B, 2330, 34387, 233415
x86_32, BPF_ST BPF_MEM BPF_H, 2443, 29824, 233418
x86_32, BPF_ST BPF_MEM BPF_W, 2857, 71140, 252174
x86_32, BPF_ST BPF_MEM BPF_DW, 3852, 94340, 342750
x86_32, BPF_STX BPF_MEM BPF_B, 2895, 46956, 249819
x86_32, BPF_STX BPF_MEM BPF_H, 2857, 41819, 249823
x86_32, BPF_STX BPF_MEM BPF_W, 3631, 76815, 287493
x86_32, BPF_STX BPF_MEM BPF_DW, 9610, 381130, 529362
